id,nome,tipo_edificio,coord_X,coord_Y,capienza
5419,Palazzo Reale,museum,4007715.6857291204,1176617.5579712803,50
5420,Park,park,4005187.219903174,1167584.6570489602,150
5421,Museo Civico di Storia Naturale,museum,4008779.634952146,1178002.7061538154,50
5422,Museo di Fondazione Arnaldo Pomodoro,museum,4006926.117271685,1172605.8401395867,50
5423,Museo Civico Archeologico,museum,4008161.8038433483,1175001.0146128472,50
5424,Museo d'arte e scienza,museum,4008747.880475992,1175500.643423272,50
5425,Park,park,4010607.247415081,1188539.2000065374,150
5426,Park,park,4013298.0245112726,1165731.1893231578,150
5427,Giardino Marcello Candia,park,"[-136524.8740291514, 2874227.26695437]","[1023764.8529247909, 5504254.687360781]",150
5428,Park,park,4013707.1042842856,1171191.221840689,150
5429,Park,park,4012702.1137161525,1171882.869553782,150
5430,Park,park,4012116.9376632757,1178205.1527758923,150
5431,Park,park,4014507.1950451005,1171974.9432215092,150
5432,Park,park,4013241.059471803,1184614.982029835,150
5433,Park,park,4012545.4311167444,1172770.0462625178,150
5434,Giardino Pierluigi Torregiani,park,4013150.747488717,1174252.4888735232,150
5435,Park,park,4014895.9680306725,1177710.3550577268,150
5436,Park,park,4008792.58416249,1182436.5137659553,150
5437,Park,park,4015072.9098515413,1170499.5805720228,150
5438,Giardino Aldo Protti,park,4011163.2427845467,1177828.4883635782,150
5439,Park,park,"[-138301.19613028388, 2875698.0700819427]","[1022050.7988072293, 5510955.73005079]",150
5440,Park,park,4002285.8355324767,1184024.154106015,150
5441,Park,park,4003746.6778366556,1177203.1682507417,150
5442,Park,park,4003892.5234653265,1179255.6843080933,150
5443,Park,park,4012856.1070634075,1171446.5421808225,150
5444,Mudec,museum,4006591.655912602,1172624.664625794,50
5445,Park,park,4004241.249350293,1163046.693923941,150
5446,Park,park,4012973.1672917055,1181035.1218387801,150
5447,Parco Segantini,park,4005577.6043360666,1173703.3440268633,150
5448,Parco Patellani,park,4006248.194128495,1164457.3786896018,150
5449,Giardino della Fondazione Catella,park,4010443.566593724,1177044.1541234371,150
5450,Casa di Alessandro Manzoni,museum,4008272.486005204,1176756.4385829228,50
5451,Triennale Design Museum,museum,4009068.419253518,1174532.981548239,50
5452,Piazza Leonardo da Vinci,park,"[-135318.28963266104, 2875183.1573535665]","[1024763.8087667136, 5508613.035690737]",150
5453,Parco del Fanciullo,park,4010135.087298523,1165911.3260381292,150
5454,Parco Biblioteca degli Alberi,park,"[-139036.19485594716, 2875429.2782272017]","[1021320.4568922075, 5509657.0805290695]",150
5455,Parco Sempione,park,4008805.495443468,1174773.50401006,150
5456,Parco Monluè,park,4005808.0725881956,1185051.3466711259,150
5457,Park,park,4007167.238943319,1170796.8656663308,150
5458,Park,park,4006796.835986136,1171701.2988504763,150
5459,Park,park,4007774.220237542,1171189.4713942807,150
5460,Park,park,4006989.714650303,1171680.46359322,150
5461,Giardini Valentino Bompiani,park,4009803.6406037067,1173420.181675545,150
5462,Giardino Yitzhak Rabin,park,4007621.369782804,1171089.9281735928,150
5463,Giardini Guido Vergani,park,4009103.2439964446,1173007.9208598132,150
5464,Parco Raffaele Ciriello,park,4007509.67778148,1171761.7844456262,150
5465,Piazza Po,park,4008017.832671944,1172320.8803346609,150
5466,Park,park,4007415.8552520373,1170429.906276729,150
5467,Piazza Carlo Irnerio,park,4007953.6958279107,1171694.5578417287,150
5468,Piazza Vesuvio,park,4007605.1792545365,1172591.5245482353,150
5469,Parco di via Dezza,park,4007534.401405583,1173032.3196024902,150
5470,Parco di via Dezza,park,4007926.5342333545,1172490.6167159446,150
5471,Parco di via Dezza,park,4007637.220525405,1172772.6233073638,150
5472,Park,park,4007866.49812207,1170453.0950692834,150
5473,Park,park,4007787.5920504206,1171175.727329843,150
5474,Giardini Don Luigi Giussani,park,4007222.789563008,1173587.151721511,150
5475,Giardino Firenze,park,4011478.015223356,1172922.574143066,150
5476,Park,park,4007008.309094105,1170185.7632090359,150
5477,Parco Vittorio Formentano,park,4007266.924703251,1179572.815727805,150
5478,Giardini pubblici Indro Montanelli,park,4008873.072142089,1177398.9581618113,150
5479,Parco delle Cave,park,4009655.3873294997,1164187.7942350109,150
5480,Parco Montestella,park,4011871.894106298,1170076.2793533425,150
5481,Parco Aldo Aniasi,park,4010361.3656700943,1166550.0716660449,150
5482,Park,park,4012180.1749463836,1168629.222760848,150
5483,Giardini in Memoria dei Caduti di Nassiriya,park,4012337.431682515,1168470.7340203188,150
5484,Parco Giovanni Testori,park,4012850.947307532,1172242.257949671,150
5485,Giardinetti di piazza Massari,park,4011685.2348074676,1177787.9244108086,150
5486,Park,park,4011966.473182909,1178051.6449615296,150
5487,Giardino Alberto Moravia,park,4007839.0602040375,1167999.6320036242,150
5488,Park,park,4006967.2762153624,1168880.2817496895,150
5489,Park,park,4011984.345192132,1179026.2813874837,150
5490,Giardino Wanda Osiris,park,4012488.343856819,1177593.8287066303,150
5491,Parco Trotter,park,4011389.56231388,1180798.3144570568,150
5492,Parco Ca' Granda,park,4012943.7355743167,1178158.8010225259,150
5493,Park,park,4012310.042541409,1177491.7258375704,150
5494,Park,park,4012440.8167209374,1176777.6969638928,150
5495,Giardino Santa Maria alla Fontana,park,4011529.6675100387,1176397.5893810017,150
5496,Largo Antonio Balestra,park,4006387.3610622515,1170123.502092841,150
5497,Park,park,4005142.9429765614,1171085.8417552223,150
5498,Park,park,4005831.506271841,1170022.1548327294,150
5499,Park,park,4004966.7436687816,1170649.270901468,150
5500,Parco di Villa Scheibler,park,4015247.5412075375,1169832.6815198779,150
5501,Park,park,4004129.444554794,1171674.693271412,150
5502,Giardino Cesare Pagani,park,4012947.7625524495,1175363.0817149095,150
5503,Park,park,4009251.7462518355,1176490.348849354,150
5504,Park,park,4014909.7874306776,1178859.9092486592,150
5505,Park,park,4013388.9188329745,1177193.2321164606,150
5506,Park,park,4012954.6421335894,1177089.000663727,150
5507,Piazzale Lugano,park,4012320.9167580665,1173665.9737332987,150
5508,Park,park,4014131.03480423,1174130.5635219566,150
5509,Giardino Marisa Bellisario,park,4010659.47620669,1182811.220067221,150
5510,Giardino Carlo Buonantuono e Carlo Tumminello,park,4010076.2945925537,1182222.1699653931,150
5511,Park,park,4012141.939365987,1172021.4509149042,150
5512,Park,park,4012453.9850282734,1171482.9333083967,150
5513,Park,park,4012330.3028853177,1172564.648635594,150
5514,Park,park,4009429.605377499,1170968.6309411405,150
5515,Piazzale Brescia,park,4009301.6088713706,1170700.2110235104,150
5516,Park,park,4012941.96580588,1177762.7918041851,150
5517,Giardino Luigi Cazzetta,park,4008563.5630851355,1181676.7006369368,150
5518,Giardino Luigi Cazzetta,park,4008420.411942273,1181668.4376227034,150
5519,Giardino Teresa Pomodoro,park,4009431.8756519505,1180963.4908279374,150
5520,Park,park,4012972.3084113663,1177460.8412531847,150
5521,Park,park,4014341.3125512023,1178779.351645855,150
5522,Parco delle Favole,park,4014285.2322155666,1175536.868923055,150
5523,Park,park,4007897.7066558306,1170297.532151978,150
5524,Park,park,4007886.290899344,1170405.9380562613,150
5525,Park,park,4006388.5172228944,1177919.9450622268,150
5526,Park,park,4005723.0195063944,1169895.9487236964,150
5527,Piazzale Selinunte,park,4009508.9357403824,1169774.945664901,150
5528,Park,park,4009981.2093589143,1169858.4576011267,150
5529,Park,park,4009928.8959842045,1170003.978952566,150
5530,Park,park,4008391.4072918463,1171639.9254169096,150
5531,Park,park,4012569.4560191734,1167453.5535913585,150
5532,Giardino Attilio Rossi,park,4006923.4255076232,1174739.6868855935,150
5533,Park,park,4010273.564601512,1170299.192015634,150
5534,Park,park,4010397.7449644846,1170467.8306778534,150
5535,Park,park,4010446.8301694677,1170683.810860986,150
5536,Park,park,4013509.1733020237,1166355.6271714303,150
5537,Parco Travaglia,park,4005600.909911595,1165364.8072042905,150
5538,Giardino della Villa Belgiojoso Bonaparte,park,4008610.820898461,1177601.718078295,150
5539,Park,park,4012201.0494234227,1183551.523347183,150
5540,Park,park,4012188.77603958,1183541.2516839548,150
5541,Parco Guido Galli,park,4006091.6828177855,1182541.4195026252,150
5542,Park,park,4004166.6798908813,1178635.2506352498,150
5543,Park,park,4004609.486843949,1178746.0533214083,150
5544,Park,park,4007111.5388824935,1178225.9012589813,150
5545,Park,park,4011199.940898325,1176637.9711234968,150
5546,Park,park,4009813.980958137,1165711.9999555596,150
5547,Parco degli scaloni,park,4009706.9857011545,1165788.0671570136,150
5548,Bosco in città,park,4011740.690881178,1163630.4124847413,150
5549,Giardino Angelo Poletti,park,4013430.5055310824,1165067.7526585937,150
5550,Park,park,4007550.612776454,1177064.3478617033,150
5551,Park,park,4010614.807813548,1165206.4254279514,150
5552,Parco Francesco di Cataldo,park,4013488.8966428307,1182297.7572651955,150
5553,Park,park,4013231.816553356,1182189.8679463686,150
5554,Park,park,4013720.8531647646,1182207.0394365608,150
5555,Park,park,4010497.062053866,1179290.9528767879,150
5556,Giardini Giovanni Falcone Paolo Borsellino,park,4009643.4499772615,1178853.3285075198,150
5557,Giardini Giovanni Falcone Paolo Borsellino,park,4009517.7417620136,1178628.7885821403,150
5558,Park,park,4007325.7269622376,1180226.7742203048,150
5559,Park,park,4007194.4617209076,1180253.9251939657,150
5560,Park,park,4007884.6602876303,1181573.5651222137,150
5561,Park,park,4008062.7085368233,1182915.8039973231,150
5562,Piazzale Susa,park,4007973.312365551,1180780.2393197198,150
5563,Park,park,4008137.2143597845,1181103.7197296994,150
5564,Park,park,4007984.6802601567,1179771.0798751302,150
5565,Park,park,4014557.6579884165,1179204.119513693,150
5566,Parco Nicolò Savarino,park,4012280.5203574887,1175052.5699079686,150
5567,Giardino di via Porro e viale Jenner,park,4012053.505662716,1175467.775774932,150
5568,Park,park,4006392.8498525997,1172052.792281838,150
5569,Park,park,4005080.1077334387,1172250.4020970643,150
5570,Parco Martesana,park,4012314.182645058,1181848.4012776264,150
5571,Parco di Villa Finzi,park,4012414.528334278,1180465.4786993242,150
5572,Park,park,4013582.1317642443,1181960.075179855,150
5573,Park,park,4012480.7415086026,1181238.8783775738,150
5574,Park,park,4013771.6428613206,1181060.0677036252,150
5575,Pioppeto di Bovisasca,park,4015419.5824561985,1172220.809743107,150
5576,Parco Villa Litta,park,4014496.215605195,1173912.2976620721,150
5577,Park,park,4014415.7673629657,1173085.1760473012,150
5578,Park,park,4011549.0548145073,1177980.1426524243,150
5579,Park,park,4009859.646296247,1176628.5834965273,150
5580,Parco della Lambretta,park,4008878.127908039,1184398.5468947631,150
5581,Largo Oreste Murani,park,4008387.494037548,1182199.4929814774,150
5582,Park,park,4011197.1480382015,1173038.538428717,150
5583,Giardino di via Giacomo della Porta,park,4014418.4021311137,1179106.9574424492,150
5584,Park,park,4012748.4883961836,1176736.0789292164,150
5585,Duomo di Milano,attraction,4007794.3811174505,1176508.0923613722,50
5586,Tempio della Vittoria,monument,4007882.9142259876,1174583.8578198082,40
5587,Park,park,4011574.6847103317,1173916.6969323275,150
5588,Park,park,4011298.306512658,1174107.4035374175,150
5589,Park,park,4010551.674820126,1181007.9470482466,150
5590,Park,park,4010558.9940433265,1180984.531133478,150
5591,Park,park,4008302.46480421,1180661.5252363253,150
5592,Piazza Insubria,park,4006130.3884023926,1180099.0556992858,150
5593,Piazza Agrippa,park,4003946.5694612535,1175283.5615556142,150
5594,Arco della Pace,attraction,4009489.7985258605,1174325.0688088264,50
5595,Park,park,4010432.419574904,1176033.4568447967,150
5596,Park,park,4003027.1947972244,1165587.8644488216,150
5597,Park,park,4006445.0175974783,1166311.1648190247,150
5598,Park,park,4013643.9368591215,1177840.3887704518,150
5599,Parco Tre Palle,park,4001955.164562079,1185770.9785159498,150
5600,Parco Enrico Mattei,park,4002120.4056698247,1185023.4576212878,150
5601,Park,park,4006896.750910983,1169267.4966683774,150
5602,Park,park,4006302.1603672747,1169186.218896134,150
5603,Piazza Tirana,park,4006028.356603055,1168411.7319349316,150
5604,Park,park,4006347.6372913043,1169550.2305391182,150
5605,Park,park,4006560.6703802412,1169335.4446801108,150
5606,Park,park,4006030.5726141,1175338.2061464968,150
5607,Park,park,4005753.37368478,1173412.5103533186,150
5608,Park,park,4007170.0080766897,1177258.5035218527,150
5609,Parco ex Pozzi,park,4005186.268914063,1166441.537542409,150
5610,Park,park,4004915.848504753,1165240.1894379852,150
5611,"Giardino Comunitario Montello ""Lea Garofalo""",park,4010034.064029222,1175528.359475791,150
5612,Giardino 9 Novembre,park,4006972.326032323,1178362.4138363558,150
5613,Giardino Antonio Custra,park,4007639.0741171,1173747.3020174552,150
5614,Park,park,4010355.0729861474,1176014.1772846328,150
5615,Park,park,4004640.9440034498,1174453.448089405,150
5616,Padiglione Ferroviario,museum,4007715.2121131034,1174035.2325152382,50
5617,Park,park,4005067.263014192,1179911.1452413083,150
5618,Parco Alessandrina Ravizza,park,4005549.1479404806,1176767.6535686876,150
5619,Park,park,4008466.2284498094,1173305.1192620716,150
5620,Giardino Piazzale Bologna,park,4004905.069994091,1180354.2079747121,150
5621,Giardino Roberto Bazlen,park,4006552.934221328,1177232.3370855167,150
5622,Park,park,4007293.4896809338,1179752.123660954,150
5623,Giardino Perego,park,4008841.767436424,1176857.4731850242,150
5624,Park,park,4003871.702863982,1174875.657490855,150
5625,Park,park,4011672.765730432,1177671.7097083624,150
5626,Giardino Sergio Ramelli,park,4009101.4171936456,1180344.4726277061,150
5627,Park,park,4010899.8486789376,1180380.1039431817,150
5628,Park,park,4008445.3735464914,1174817.896072158,150
5629,Park,park,4004111.019778319,1180470.3629476014,150
5630,Museo centrale dell'acqua,museum,4011070.996814343,1173526.1678571883,50
5631,Giardino Giuseppe Lazzati,park,4009489.264985606,1173100.4174681422,150
5632,Giardino Oriana Fallaci,park,4006373.8433931144,1176801.10905709,150
5633,Park,park,4014940.346978909,1174510.3764498117,150
5634,Park,park,4007764.426957675,1173077.4862686212,150
5635,Park,park,4012368.362446595,1169265.039413206,150
5636,Park,park,4009464.3388051176,1171952.5704476824,150
5637,Park,park,4009432.025696241,1172228.8121172988,150
5638,Giardino Aristide Calderini,park,4008044.752241631,1174929.3090951783,150
5639,Park,park,4011553.9858145914,1183119.2359804073,150
5640,Giardino Sandro Pertini,park,4012961.534571382,1166513.546641017,150
5641,Piazza Miani,park,4004897.3307975167,1171575.5936576359,150
5642,Park,park,4004874.9675292633,1171480.0057997147,150
5643,Parco di Piazza Negrelli,park,4005846.5865693856,1169851.177830787,150
5644,Parco Carlo Marx,park,4014540.2446685373,1183962.0191460522,150
5645,Park,park,4008367.2378038093,1169159.762652989,150
5646,Piazzale Siena,park,4008641.6814400735,1169695.723812454,150
5647,Park,park,4008234.824158429,1169665.0342646725,150
5648,Park,park,4007979.8328446075,1168443.5969075565,150
5649,Park,park,4007298.738014414,1167558.183040605,150
5650,Giardino Helenio Herrera,park,4010133.4656094834,1168102.9800974333,150
5651,Park,park,4008249.1926005306,1163556.1332821758,150
5652,Park,park,4008338.402942356,1163526.75412355,150
5653,Parco Tadini,park,4002580.2598822895,1185247.9455583133,150
5654,Giardino delle Maioliche,park,4002419.8276912025,1185791.0073990207,150
5655,Park,park,4002550.304140362,1185542.7895162245,150
5656,Park,park,4008791.5357784308,1186533.101690948,150
5657,Park,park,4008532.4801327274,1186698.9725788177,150
5658,Park,park,4008973.53738521,1186822.174127597,150
5659,Park,park,4011762.1340499995,1181603.2071834202,150
5660,Park,park,4013620.9648159696,1184354.9930619516,150
5661,Park,park,4013493.5962483026,1180430.1180461694,150
5662,Park,park,4014601.679842326,1170725.0849485907,150
5663,Giardino Salvador Allende,park,4010478.7120098425,1172926.1400325603,150
5664,Park,park,4009112.0058025005,1186574.5664312767,150
5665,Park,park,4008275.1237976616,1165594.7200122261,150
5666,Park,park,4008203.766711701,1165209.4397287942,150
5667,Park,park,4008120.9615965555,1169550.087557995,150
5668,Park,park,4006500.470066969,1166287.6444784664,150
5669,Park,park,4012705.5545332553,1171795.9087382664,150
5670,Park,park,4012950.90713432,1172049.9701748157,150
5671,Park,park,4003080.406764945,1177836.707104468,150
5672,Park,park,4006032.7019432574,1181213.344835348,150
5673,Park,park,4007807.6815087376,1171172.268577078,150
5674,Park,park,4007905.0649223514,1170752.72472164,150
5675,Park,park,4007550.693736881,1170917.5172817486,150
5676,Park,park,4007728.450209025,1170975.1445205482,150
5677,Park,park,4008079.306153158,1169681.9747009515,150
5678,Park,park,4007502.2328915787,1169494.6375727465,150
5679,Park,park,4008039.2748765345,1169561.3303853942,150
5680,Museo Popoli e Culture,museum,4009811.5430908045,1170883.4484252958,50
5681,Park,park,4009234.8375625764,1170891.0078788593,150
5682,Park,park,4009316.9881482567,1171049.4433531046,150
5683,Park,park,4009549.738408818,1171501.1727031164,150
5684,Piazza Esquilino,park,4009939.40985768,1169252.1926983704,150
5685,Park,park,4012601.3816610314,1169131.1975955237,150
5686,Park,park,4012042.6866355245,1171071.5753964672,150
5687,Park,park,4011867.6785521307,1171074.644462982,150
5688,Park,park,4013666.3369672745,1181346.9742787185,150
5689,Park,park,4011138.54177403,1174390.051029032,150
5690,Parco di Via Messina,park,4011190.88620792,1174399.3798041705,150
5691,Piazzale Damiano Chiesa,park,4010749.4502939535,1172320.4596981306,150
5692,Park,park,4005053.954394037,1176288.1943143904,150
5693,Park,park,4005670.273932443,1176784.4470239275,150
5694,Park,park,4003389.354308623,1180399.9886566598,150
5695,Park,park,4003605.8650682243,1181859.2840901327,150
5696,Park,park,4003719.8723622677,1180425.509038616,150
5697,Park,park,4003974.4568138425,1180444.9816381265,150
5698,Park,park,4008788.997979508,1170335.7983766857,150
5699,Park,park,4008313.960628449,1171775.4906870383,150
5700,Piazza Sicilia,park,4008310.825748665,1171698.5633147175,150
5701,Park,park,4008517.3862955584,1172102.3144809727,150
5702,Park,park,4007088.7040998875,1171829.4491457774,150
5703,Giardino Bazzega e Padovani,park,4006856.6714169946,1172242.7913927631,150
5704,Park,park,4004452.5365343415,1174539.4383632618,150
5705,Park,park,4006997.6670894227,1168767.1870260308,150
5706,Park,park,4006708.416429777,1169346.9541917609,150
5707,Park,park,4006404.4182578875,1168306.4003796396,150
5708,Park,park,4006619.2442507567,1168511.3146464983,150
5709,Park,park,4005311.3727111234,1173341.425052879,150
5710,Park,park,4012389.2195202787,1165465.1432410346,150
5711,Park,park,4010700.000701614,1163353.9649323623,150
5712,Parco Emilio Alessandrini,park,4005552.316601263,1180681.9139973084,150
5713,Park,park,4003075.5903691375,1182510.901472951,150
5714,Park,park,4003187.990161919,1183448.8775690305,150
5715,Park,park,4004748.5791568905,1181078.1674052395,150
5716,Park,park,4004861.045685261,1181235.2738173942,150
5717,Park,park,4006300.2431651233,1167634.1606269905,150
5718,Park,park,4003816.845634157,1173164.7311776106,150
5719,Park,park,4004155.536691713,1173674.4048751523,150
5720,Park,park,4012866.100613261,1176196.5778047526,150
5721,Park,park,4013095.4593614447,1176092.108603726,150
5722,Park,park,4013603.5628662035,1177085.5142734735,150
5723,Park,park,4006970.714928195,1168614.925545161,150
5724,Park,park,4007161.3094148226,1164571.3205495165,150
5725,Park,park,4007645.0607499434,1166206.7803697337,150
5726,Park,park,4008197.5518081198,1164882.957447109,150
5727,Parco delle Delizie,park,4006350.0062905946,1169849.9992757575,150
5728,Park,park,4004769.1157833445,1180222.828337849,150
5729,Villa Necchi Campiglio,museum,4008237.5356148737,1177995.9066458973,50
5730,Park,park,4003149.170690524,1178312.2217615312,150
5731,Park,park,4013625.25944509,1188067.8969500966,150
5732,Park,park,4008743.307582158,1163354.887773919,150
5733,Park,park,4008546.1554322066,1163640.1256327166,150
5734,Park,park,4004549.6111889733,1178298.7865511787,150
5735,Park,park,4002954.6371362456,1178477.0004401288,150
5736,Park,park,4007826.909631394,1166136.554758431,150
5737,Park,park,4008042.8538675676,1166490.425880337,150
5738,Park,park,4008223.954177958,1166718.3830480592,150
5739,Park,park,4009531.1278559323,1166952.4528831635,150
5740,Park,park,4015275.1012780196,1178832.7227810451,150
5741,Giardino Gina Galeotti Bianchi,park,4014267.707268944,1176771.0711475313,150
5742,Park,park,4013439.9393010116,1175928.0218813205,150
5743,Park,park,4015244.3330675946,1175217.039229251,150
5744,Park,park,4011923.3960456084,1184254.498088638,150
5745,Park,park,4000575.3768110164,1186460.5082695389,150
5746,Park,park,4012985.6390419113,1172248.9990244308,150
5747,Park,park,4013000.866710464,1172249.2859501098,150
5748,Park,park,4013080.850311926,1172402.6359181833,150
5749,Giardino Bruno Munari,park,4011525.807128427,1176186.06154502,150
5750,Park,park,4012317.6673346916,1175566.5885866734,150
5751,Park,park,4014588.87705923,1177789.7229447926,150
5752,Piazzale Susa,park,4007868.887906731,1180802.345071552,150
5753,Parco della Resistenza,park,4004159.5867958795,1165292.2291913514,150
5754,Park,park,4007804.974614557,1166765.076238262,150
5755,Park,park,4011877.084712101,1183985.1614948378,150
5756,Park,park,4014648.79099635,1170471.1609865567,150
5757,Statua di San Francesco d'Assisi,monument,4008070.3656146596,1179104.6456189377,40
5758,Park,park,4009854.2125686007,1169886.631006865,150
5759,Park,park,4014437.6988643133,1170320.5896025081,150
5760,Park,park,4014485.064054961,1172323.9910887948,150
5761,Park,park,4008564.2329820897,1171924.3540344879,150
5762,Park,park,4008576.735784521,1172089.532254626,150
5763,Park,park,4008341.0534679475,1172464.1788109525,150
5764,Park,park,4007924.0028936225,1172404.3101059394,150
5765,Park,park,4008224.4827280035,1172434.0437172581,150
5766,Park,park,4005620.1582497843,1169241.4613915198,150
5767,Park,park,4005449.7193063498,1170375.5491651804,150
5768,Park,park,4007148.7779804105,1176623.5412181697,150
5769,Park,park,4007222.839566585,1174389.490560438,150
5770,Giardino Anna Del Bo Boffino,park,4006230.282882938,1171212.5975321394,150
5771,Park,park,4012948.292234486,1176859.7800094606,150
5772,Park,park,4004835.3209457905,1164265.8627969762,150
5773,Park,park,4007834.376399244,1175460.285741014,150
5774,Parco Adriano,park,4013745.273937559,1184562.425266181,150
5775,Park,park,4004349.6729633706,1170303.0244629881,150
5776,Parco Portello,park,4011410.630032897,1171317.7073532364,150
5777,Park,park,4013448.815707727,1188294.1869165574,150
5778,Park,park,4013564.263590258,1174978.8010139172,150
5779,Parco Sandro Pertini,park,4006277.453823707,1163060.0272002534,150
5780,Park,park,4010636.266307171,1176824.581622072,150
5781,Parco Goldoni,park,4005873.8382030125,1164397.4439068267,150
5782,Parco via Verdi,park,4006103.832573886,1163940.7493381489,150
5783,Park,park,4005997.9121145085,1167059.1997579767,150
5784,Park,park,4008026.294930755,1179798.958307168,150
5785,Parco Paolo Borsellino,park,4006897.935696019,1163320.1603838743,150
5786,Park,park,4002965.0743698874,1164919.419744672,150
5787,Grande Museo del Duomo,museum,4007739.037905781,1176630.2604806328,50
5788,Park,park,4006103.7478336976,1167890.3632388618,150
5789,Park,park,4006276.896752913,1168359.4578172227,150
5790,Park,park,4015540.296138898,1175944.1861666583,150
5791,Parco di Via San Francesco,park,4007008.5095598227,1163359.8887655798,150
5792,Parco Boscoquattro Augusto Rancilio,park,4006018.173048362,1163246.1873096693,150
5793,Park,park,4003257.49911912,1172966.8973389685,150
5794,Parco Cabassina,park,4005678.827398388,1164065.530495729,150
5795,Giardini Villa Marazzi,park,4006766.6330391373,1163606.2907395707,150
5796,Parco Verdi,park,4004329.2867521215,1166467.6406202011,150
5797,Park,park,4003888.2248057523,1166219.6023374125,150
5798,Park,park,4004336.71456862,1166552.6918297398,150
5799,Paleolab,museum,4009127.2170331287,1177596.3201817882,50
5800,Giardini Enzo Biagi,park,4006679.685362871,1176077.9593145635,150
5801,Giardini Enzo Biagi,park,4006584.957961041,1176140.869532102,150
5802,Parco della Vettabbia,park,4001132.535619972,1181408.544308039,150
5803,Parco di via Monte Rosa,park,4006056.1307766535,1164548.5601075636,150
5804,Parco via Italia,park,4005896.436112057,1164802.1059176004,150
5805,Park,park,4007890.0392775633,1187797.332624331,150
5806,Park,park,4012498.2762440694,1167852.6085971948,150
5807,Park,park,4009695.1540084947,1169857.4797425354,150
5808,Park,park,4005189.1822418775,1179633.2121068751,150
5809,Park,park,4011940.85078027,1186380.8389185178,150
5810,Isola Pepe Verde,park,4010624.9402428633,1176429.4332605693,150
5811,Park,park,4004338.3663119157,1167711.0227705014,150
5812,Park,park,4007747.1040404886,1173086.5432229948,150
5813,Park,park,4007862.2376681706,1173055.6586483824,150
5814,Padiglione d'Arte Contemporanea,museum,4008835.5249521,1177735.2790526308,50
5815,Monumento a Sandro Pertini,artwork,4008591.651908248,1176804.0423268627,20
5816,Monumento alle Cinque Giornate di Milano,monument,4007389.5514185466,1178579.5701969126,40
5817,Park,park,4003007.8567110416,1177848.1541887322,150
5818,Park,park,4003163.880274122,1177788.6277514629,150
5819,Park,park,4013306.73734032,1166078.4287219269,150
5820,Park,park,4009736.740621999,1164025.0723874632,150
5821,Park,park,4010032.5716893566,1167789.7387659345,150
5822,Giardino Luigi Marangoni,park,4010015.6449293406,1167859.8023277174,150
5823,Park,park,4015295.4814836746,1171395.7280173001,150
5824,Park,park,4010237.4866830297,1186302.212108673,150
5825,Museo Del Design 1880-1980,museum,4005911.262581512,1174159.1454838505,50
5826,Park,park,4012854.6659248527,1183097.1794383381,150
5827,Park,park,4010637.684117953,1173670.2622915723,150
5828,Parco delle Basiliche,park,4007219.9714679974,1175348.1945354508,150
5829,Park,park,4008536.1182471514,1181677.648898414,150
5830,Giardino Scaldasole,park,4006714.940133546,1174997.8589065056,150
5831,Park,park,4009910.0799881434,1183556.1729280476,150
5832,Park,park,4011344.1819954566,1170405.1650405428,150
5833,Parco Archeologico dell'Anfiteatro Romano,park,4007095.987671619,1174937.8203066874,150
5834,Park,park,4014282.373478141,1175643.4893981784,150
5835,Park,park,4013383.1487920485,1175878.0162780487,150
5836,Parco via Don Grazioli - Zambelli,park,4013705.2644886016,1174882.482587864,150
5837,Park,park,4013910.264483313,1174851.2190645772,150
5838,Fondazione ATM,park,4008784.703147622,1187415.3288666953,150
5839,Giardino Mario Capponi,park,4004514.216763671,1175561.4804663353,150
5840,Park,park,4004581.269886859,1175309.9227692627,150
5841,Giardino Paolo Scrofani,park,4004611.103198604,1174655.719047027,150
5842,Park,park,4005339.6153797954,1172146.135915177,150
5843,Park,park,4006053.404180565,1177836.6378500233,150
5844,Park,park,4010019.1821198496,1177179.1292649899,150
5845,Park,park,4007689.2384312595,1164972.948953979,150
5846,Park,park,4014885.858154021,1170383.1189591463,150
5847,Park,park,4015274.4045406147,1169139.0068988865,150
5848,Park,park,4012054.87909811,1171264.6296424954,150
5849,Park,park,4012619.2664697985,1166812.6353220292,150
5850,Park,park,4013121.9504784183,1166557.0670425883,150
5851,Park,park,4012481.980299353,1167690.0121097376,150
5852,Park,park,4011234.4759302265,1169998.0661350614,150
5853,Park,park,4014107.3966658525,1169878.4171830541,150
5854,Giardino Gregor Mendel,park,4010977.5811502184,1177527.24793904,150
5855,Giardino Carmelo Bene,park,4011947.9015405932,1173707.7284729888,150
5856,Giardino Antonio Cederna,park,4011612.6418813444,1173881.9639719033,150
5857,Il Pratone,park,4000422.508762458,1185795.3200546848,150
5858,Giardino Calabiana / Balduccio da Pisa,park,4004865.9349865085,1178580.1518350001,150
5859,Park,park,4003228.054874984,1177389.411381069,150
5860,Park,park,4002737.7347540045,1177442.802766362,150
5861,Park,park,4004126.86001662,1178748.9183901032,150
5862,Parco ex OM,park,4005329.9578793044,1176004.4295353603,150
5863,Parco Chiesa Rossa,park,4003783.147564421,1173807.1149244846,150
5864,Park,park,4003977.1228431785,1173840.645676984,150
5865,Park,park,4007520.575576275,1172314.9742698993,150
5866,Park,park,4003593.4830878186,1171318.407886704,150
5867,Park,park,4004591.4087137305,1171832.8234895458,150
5868,Park,park,4004496.535352673,1172431.7299942896,150
5869,Parco Forlanini,park,4006618.5671946136,1186361.0688344159,150
5870,Park,park,4014394.5204396136,1183571.270585807,150
5871,Monumento a Vittorio Emanuele II,monument,4007861.321346392,1176325.7520514193,40
5872,Park,park,4014946.2124708924,1164246.15728664,150
5873,Giardino della Guastalla,park,4007196.2213194957,1177079.3623728857,150
5874,Giardino Facchetti-Maldini,park,4010474.142387902,1167370.580182814,150
5875,Parco in memoria delle Vittime Italiane nei Gulag,park,4007743.7738969093,1164491.123013997,150
5876,Park,park,4014646.4388992204,1174704.0324872276,150
5877,Parco via Tartini - Cialdini,park,4013286.4506104286,1174747.3487838681,150
5878,Park,park,4006500.5726515716,1180535.3123905663,150
5879,Park,park,4005189.998875134,1184243.7770949039,150
5880,Park,park,4005086.934785558,1183502.3551420753,150
5881,Park,park,4007276.380269751,1181056.9288803744,150
5882,Park,park,4014617.5172579894,1164307.907083897,150
5883,Park,park,4014516.84441209,1164414.7099126228,150
5884,Park,park,4002601.6850852026,1174745.9233267244,150
5885,Park,park,4015472.4276096155,1168304.6591296135,150
5886,Park,park,4015464.3574795234,1168380.1937496543,150
5887,Park,park,4015468.049142146,1168335.1866517456,150
5888,Park,park,4015439.3635420077,1168528.7119028475,150
5889,Park,park,4015682.347123561,1168763.8903098004,150
5890,Park,park,4015558.845470948,1168609.4884013352,150
5891,Park,park,4015527.79372694,1168740.3136107812,150
5892,Park,park,4015541.345421731,1168912.5253251703,150
5893,Park,park,4015479.9305779305,1168662.8277577765,150
5894,Park,park,4009419.9154195604,1181755.2649185564,150
5895,Park,park,4013239.5308483858,1171235.8768260982,150
5896,Park,park,4012925.966613437,1171450.9534850328,150
5897,Park,park,4013584.5221582977,1170820.88665695,150
5898,Park,park,4007673.8263432817,1166299.8801686994,150
5899,Park,park,4013262.5671300427,1188216.6040210733,150
5900,Park,park,4013271.195568956,1188372.8430194105,150
5901,Park,park,4010478.1083262055,1177202.0588014661,150
5902,Parco Via Savona - Via Brunelleschi,park,4006203.5850414503,1171022.8217288204,150
5903,Park,park,4008019.6296432014,1166981.6699830785,150
5904,Park,park,4010610.7404707237,1164201.667777795,150
5905,Park,park,4002072.346940757,1173586.1848997707,150
5906,Giardino Vincenzo Muccioli,park,4007092.6264051646,1172463.6639113263,150
5907,Park,park,4004659.5693957396,1183408.77656764,150
5908,Park,park,4004360.189354794,1183095.3917642771,150
5909,Park,park,4014115.7689845846,1168920.966711254,150
5910,Park,park,4005993.9545576954,1183074.3186274336,150
5911,Collina dei Ciliegi,park,4013495.989262936,1179277.998612897,150
5912,Giardino AIDO,park,4008245.685616222,1165647.366151124,150
5913,Giardino Mario Capponi,park,4004573.824378373,1175557.2762498057,150
5914,Park,park,4012439.1805600924,1182100.3051244975,150
5915,Park,park,4012413.207487431,1181973.3668999136,150
5916,Park,park,4013883.8350121994,1178932.8854438243,150
5917,Park,park,4013805.49639724,1179040.9539779336,150
5918,Park,park,4013921.0156970136,1179121.9137444466,150
5919,Park,park,4009572.656934182,1182437.48131267,150
5920,Park,park,4005101.954262392,1183208.1177521904,150
5921,Park,park,4005825.173998381,1182633.479649442,150
5922,Park,park,4004785.869843887,1184140.3292873283,150
5923,Park,park,4004829.8413443514,1183259.3435591853,150
5924,Giardino delle Crocerossine,park,4006647.016373909,1167846.2766125558,150
5925,Park,park,4004734.1843066313,1182979.7650398463,150
5926,Parco Martiri della Libertà Iracheni Vittime del Terrorismo,park,4012385.3321892363,1182641.6245085774,150
5927,Park,park,4004732.537460557,1182490.3358839657,150
5928,Park,park,4002989.5601166207,1183546.2847848628,150
5929,Park,park,4002957.510618629,1183347.767559268,150
5930,WOW Spazio Fumetto,museum,4007287.350409601,1180829.4802717948,50
5931,Giardino Oreste del Buono,park,4007267.6402820623,1180963.3938610232,150
5932,Park,park,4011705.486329256,1176606.4940284675,150
5933,Park,park,4011996.6065883664,1176505.5981815252,150
5934,Park,park,4004466.452418353,1176726.8410373817,150
5935,Park,park,4004485.652358291,1176823.5920036943,150
5936,Park,park,4004449.775022586,1176868.0086802405,150
5937,Parco Via Tommaso da Cazzaniga,park,4009524.814071541,1175703.6184885015,150
5938,Park,park,4004497.641353607,1185423.363047616,150
5939,Park,park,4012138.24702382,1180696.068366913,150
5940,Park,park,4012772.370384178,1181852.9436514517,150
5941,Park,park,4012443.8061381406,1182443.271699081,150
5942,Park,park,4013717.471192523,1180762.6768500616,150
5943,Park,park,4004630.946793082,1174212.839619479,150
5944,Park,park,4004707.7589527653,1174302.556916748,150
5945,Parco Papa Giovanni Paolo II,park,4006919.612062615,1175262.5677996455,150
5946,Parco di Via Rimini – Via La Spezia,park,4005242.7279202724,1173335.5740167806,150
5947,Parco Russoli,park,4005295.6224447475,1172813.6521789138,150
5948,Park,park,4007710.8929661224,1173763.5109668854,150
5949,Park,park,4004790.0596318827,1174057.7758223042,150
5950,Park,park,4014726.55436493,1170411.586096515,150
5951,Park,park,4010152.979280488,1168971.8791592317,150
5952,Armani/Silos,museum,4006526.8448657766,1173033.129391893,50
5953,Park,park,4002248.501021793,1165410.2633744832,150
5954,Park,park,4009792.3209187794,1181139.6207777956,150
5955,Park,park,4006799.0587518374,1174421.1611558476,150
5956,Park,park,4006741.441797018,1174323.393995896,150
5957,Park,park,4004183.635772466,1176546.584577789,150
5958,Park,park,4004024.1565272682,1176599.8858875257,150
5959,Park,park,4004038.7656457867,1176891.2944701705,150
5960,Park,park,4009890.579252156,1186352.2766311516,150
5961,Park,park,4007907.8274614727,1165375.8935461468,150
5962,Park,park,4007888.6994826384,1166743.7463770497,150
5963,Park,park,4010164.275272137,1167371.5035737786,150
5964,Park,park,4009158.032702973,1182527.2324148295,150
5965,Parco Isabella d'Aragona,park,4006295.5998562183,1176269.4065405098,150
5966,Park,park,4011695.387908958,1183715.9625404137,150
5967,Park,park,4012900.096387054,1174651.0058410307,150
5968,Park,park,4012636.9847314027,1174567.784138991,150
5969,Park,park,4015894.0999190337,1166338.6034710263,150
5970,Park,park,4005522.986222515,1170956.4450390409,150
5971,"Parco Giuseppe ""Pippo"" Saporito",park,4005358.514121908,1170774.1673195362,150
5972,Park,park,4007231.9939183197,1171364.8533525667,150
5973,Giardino Robert Baden-Powell,park,4006174.092781749,1173454.1439600738,150
5974,Park,park,4010807.054906212,1174701.4264086373,150
5975,Park,park,4013721.9539615135,1164849.477477601,150
5976,Giardino di Via Maffei,park,4006905.639193453,1178767.068688788,150
5977,Parco dei Fontanili,park,4006930.6028580633,1164742.2265469295,150
5978,Park,park,4007909.0221299175,1168858.3075005233,150
5979,Park,park,4004183.6736498177,1173638.4071005762,150
5980,Park,park,4004251.2552562864,1173527.3319024618,150
5981,Park,park,4009260.869278657,1167224.4578295704,150
5982,Park,park,4008291.3135591336,1166531.8767089918,150
5983,Park,park,4013179.394907446,1177100.5644840891,150
5984,Park,park,4013205.2985449885,1176808.440968372,150
5985,Park,park,4012125.199718576,1176470.5247851103,150
5986,Giardino Cassina de' Pomm,park,4011735.3301653797,1179280.6772993668,150
5987,Parchetto della cima,park,4008134.519782357,1183600.0037386976,150
5988,Park,park,4007775.458226529,1170502.2329433067,150
5989,Parco via Milly,park,4009963.285316236,1165597.2447558374,150
5990,Parco di Baggio,park,4009043.1611231123,1163530.7934335761,150
5991,Park,park,4012291.8890225226,1166351.675609706,150
5992,Park,park,4002312.4558425467,1173684.6736296215,150
5993,Park,park,4002213.203503135,1174304.2719282156,150
5994,Park,park,4002201.0405098773,1174247.697722422,150
5995,Park,park,4003409.075989963,1178142.3771663187,150
5996,Park,park,4003439.58011103,1177796.1292311954,150
5997,Park,park,4005296.9360910556,1184084.21632709,150
5998,Park,park,4002445.1783699207,1177394.6300613452,150
5999,Park,park,4003079.765205197,1173307.8401824008,150
6000,Park,park,4003338.386569827,1182821.8508316376,150
6001,Piazzale Giulio Cesare,park,4009618.537220512,1172140.8296958175,150
6002,Park,park,4010339.305519891,1186555.6588053855,150
6003,Park,park,4009711.818803559,1186772.8525408665,150
6004,Park,park,4009924.208610904,1186744.9505520645,150
6005,Park,park,4009861.311467512,1186880.60227966,150
6006,Park,park,4006091.791449332,1183853.955436721,150
6007,Park,park,4012501.2722683502,1183719.2485195932,150
6008,Luci nel bosco,monument,4009067.63004029,1175640.0541728728,40
6009,Giardino Giulio Polotti,park,4009896.353592949,1180621.587555164,150
6010,Park,park,4013507.7530167983,1187461.2380131125,150
6011,Park,park,4002801.185693229,1168116.9722500918,150
6012,Park,park,4003781.1904834243,1180986.185084564,150
6013,Park,park,4003770.6286866725,1180630.2598610814,150
6014,Giardino Franca Rame,park,4013453.3115603137,1183044.045013369,150
6015,Park,park,4008061.9713225644,1181918.9090256852,150
6016,Park,park,4003680.34651322,1178013.7368777583,150
6017,Park,park,4004466.697185582,1164971.7379892978,150
6018,Park,park,4005632.1292976094,1165777.2394560426,150
6019,Parco Giorgella,park,4005630.4502613726,1165899.9361426844,150
6020,Parco via Fermi,park,4005575.7226133263,1164722.5516661606,150
6021,Park,park,4005584.642279445,1166456.7840800933,150
6022,Park,park,4003841.9296293114,1165761.79601011,150
6023,Parco Spina Azzurra,park,4003442.489367254,1167304.2192133558,150
6024,Park,park,4003094.7882680744,1165496.3996378195,150
6025,Park,park,4005032.9664871753,1167230.2581120243,150
6026,Park,park,4005084.923198125,1166899.8979429137,150
6027,Parco Marinai d’Italia,park,4004705.9163462836,1166254.175744169,150
6028,Park,park,4004448.9219078775,1164494.1754173713,150
6029,Park,park,4003374.1436258284,1175142.7614941136,150
6030,Park,park,4013148.295360698,1169222.7716501898,150
6031,Park,park,4013988.2919793776,1169382.7614404787,150
6032,Giardino Antonio Megalizzi,park,4010315.643872386,1186102.3311816256,150
6033,Park,park,4003839.2148822527,1167549.8170820845,150
6034,Park,park,4010897.230993975,1178799.8127568206,150
6035,Park,park,4010369.495997133,1183381.4725352826,150
6036,Parco Lambro,park,4011215.36309758,1184037.5285148255,150
6037,Parco Lambro,park,4011158.9879759457,1185892.5927388428,150
6038,Parco della Resistenza,park,4005819.6107471124,1175631.477684249,150
6039,Park,park,4014209.753756801,1178790.8051708466,150
6040,Park,park,4014389.1170503744,1178524.1381967992,150
6041,Park,park,4014577.639178626,1178321.5926726193,150
6042,Park,park,4005132.9694666048,1177759.0766115102,150
6043,Park,park,4002772.722721718,1174533.9395025058,150
6044,Parco Cava Centroparco,park,4010167.341890453,1187139.8473657651,150
6045,Park,park,4011367.789991432,1168058.557669902,150
6046,Park,park,4011271.5962848645,1169323.6595993817,150
6047,Park,park,4011443.748670032,1169103.6233222638,150
6048,Park,park,4011185.6159637803,1169791.25401828,150
6049,Park,park,4010868.390273248,1165445.468824704,150
6050,Park,park,4012094.137223418,1173239.9630478167,150
6051,Park,park,4013353.0858221627,1179948.186053066,150
6052,Park,park,4002864.2904573856,1177548.6069169205,150
6053,Park,park,4002849.394467971,1174150.431205022,150
6054,Park,park,4002915.911808785,1178487.753980826,150
6055,Park,park,4002620.9673550497,1178360.1861760758,150
6056,Park,park,4002755.7552483184,1178282.6222804755,150
6057,Park,park,4003189.2311279178,1178339.2928748352,150
6058,Park,park,4003382.129580993,1174700.056719547,150
6059,Park,park,4013526.630817384,1167177.722811698,150
6060,Park,park,4013360.4758692775,1167403.0514164516,150
6061,Parco Alberello,park,4003505.1499246308,1183082.8705728953,150
6062,Park,park,4009649.8590488695,1171661.8295164807,150
6063,Park,park,4004260.731128842,1174602.6944046654,150
6064,Museo Nazionale della Scienza e della Tecnologia,museum,4007785.1529545416,1173860.6384275693,50
6065,Park,park,4005690.4964259765,1177598.4782928845,150
6066,Park,park,4014784.273886976,1163904.1637199451,150
6067,Park,park,4011748.1307762414,1170549.3419802706,150
6068,Fondazione Prada,museum,4005150.1029662723,1177878.6208300788,50
6069,Park,park,4014901.332423431,1173039.844938545,150
6070,Park,park,4012906.762009055,1177509.8311771124,150
6071,Park,park,4014044.467701588,1183541.0916501016,150
6072,Park,park,4011197.070780072,1181431.7958703134,150
6073,Park,park,4011008.2767183646,1180940.77769406,150
6074,Park,park,4004106.0102916346,1185417.4687685363,150
6075,Park,park,4008918.280645773,1187346.0902577727,150
6076,Park,park,4013018.8770178426,1173521.035749876,150
6077,Park,park,4011506.029853108,1173199.724563192,150
6078,Park,park,4012361.6392392567,1175887.2133687995,150
6079,Park,park,4004831.7586942017,1166578.6474318216,150
6080,Parco Andrea Campagna,park,4004972.5364134395,1170187.1895308362,150
6081,Park,park,4012051.69752829,1187669.2241058021,150
6082,Park,park,4011001.636096478,1172953.538711103,150
6083,Park,park,4011542.347202835,1178200.9400695174,150
6084,Parco di Corso San gottardo,park,4006147.1121503697,1174776.0520894995,150
6085,Park,park,4003256.1549659926,1171921.7412091705,150
6086,Park,park,4003633.2535282224,1172338.6803984055,150
6087,Park,park,4003580.7767432434,1171329.0526697936,150
6088,Park,park,4008557.484713689,1172073.973601177,150
6089,Park,park,4009003.15288646,1177875.355650525,150
6090,Park,park,4012623.4666845826,1165924.3570022061,150
6091,Park,park,4012662.020121844,1184228.289766597,150
6092,Park,park,4013377.529304419,1185104.5879959571,150
6093,Park,park,4007153.015569796,1169702.9167577904,150
6094,Parco Zara-Expo,park,4014523.5712322155,1170078.550797916,150
6095,Park,park,4014693.275840736,1168127.1503237693,150
6096,Park,park,4006191.2052839263,1177386.2589584677,150
6097,Park,park,4013734.290180799,1166465.5194217996,150
6098,Park,park,4013793.880868702,1166649.4415119889,150
6099,Park,park,4013511.762041111,1165567.3579305194,150
6100,Park,park,4013503.4810227784,1165497.5786076202,150
6101,Park,park,4013770.817706774,1165156.6574855223,150
6102,Park,park,4014004.9938721927,1165177.2483783008,150
6103,Park,park,4014194.1401158646,1165140.2862457305,150
6104,Park,park,4007728.0972461854,1165108.329153515,150
6105,Park,park,4009394.4260992585,1163425.772278573,150
6106,Park,park,4009584.3932206566,1163219.6275422939,150
6107,Park,park,4006465.511113831,1164098.8711947238,150
6108,Park,park,4011271.804141638,1164133.1142528898,150
6109,Park,park,4010603.447464806,1164425.870398472,150
6110,Parco della Pace,park,4007469.7711266708,1162750.5981455494,150
6111,Park,park,4013892.146485675,1188555.1439720406,150
6112,Park,park,4013043.5961037194,1171079.2204284482,150
6113,Park,park,4012563.205827396,1171609.5217126892,150
6114,Giardino Laura Conti,park,4012092.212301106,1171676.4244434468,150
6115,Parco Villa Campiglio,park,4008234.299839321,1178011.5504216317,150
6116,Parco di CityLife,park,4009949.6494125295,1172262.9165132958,150
6117,Park,park,4009220.271905143,1172758.6966089006,150
6118,Park,park,4003596.2289365446,1176924.3354253313,150
6119,Park,park,4013758.166588256,1173471.9175796343,150
6120,Park,park,4014711.065348839,1165464.8215949053,150
6121,Park,park,4014773.826622579,1166067.4710549947,150
6122,Park,park,4014205.0085868808,1165673.0572137572,150
6123,Park,park,4013893.0919881877,1166976.667998975,150
6124,Parco Gino Cassinis,park,4003190.0882979822,1181462.8362525334,150
6125,Park,park,4005748.688807066,1169484.6383038254,150
6126,Park,park,4012957.029943503,1183078.4417260378,150
6127,Park,park,4004371.2924842522,1181020.5015316745,150
6128,Park,park,4003969.2577390065,1181419.8178367417,150
6129,Park,park,4007264.580084019,1165921.291528062,150
6130,Parco Odazio,park,4006587.8215832463,1169141.1933177044,150
6131,Piazzale Martini,park,4006472.9253480597,1180120.3675399185,150
6132,Park,park,4008218.244626098,1181498.2590617947,150
6133,Park,park,4008573.70661856,1184169.1110841588,150
6134,Park,park,4003100.2123068157,1167847.517873374,150
6135,Park,park,4014789.893768453,1164177.4873170645,150
6136,Park,park,4014863.400850681,1164148.5029885033,150
6137,Park,park,4009066.8824715023,1181837.1116537943,150
6138,Park,park,4006808.8599985465,1183077.9372054555,150
6139,Park,park,4008166.723587328,1174743.105821117,150
6140,Park,park,4015333.7448991225,1164146.228039703,150
6141,Park,park,4010209.7332908087,1186297.2504491927,150
6142,Park,park,4010231.363043182,1186389.6260071043,150
6143,Park,park,4006885.5593149243,1169881.7080578115,150
6144,Park,park,4007094.4240089282,1169745.0415417014,150
6145,Park,park,4015982.5045227553,1166322.3422515139,150
6146,Park,park,4005031.8242716216,1177881.5229566733,150
6147,Armenia Films,park,4013158.533582624,1174482.844355617,150
6148,Giardino Ezio Lucarelli,park,4010357.9758210788,1183598.601155408,150
6149,Park,park,4012553.5932261525,1183234.136128889,150
6150,Park,park,4014275.5690504983,1171737.2813477765,150
6151,Park,park,4007530.290642543,1184900.1399159152,150
6152,Park,park,4010030.5165320113,1166046.8335439656,150
6153,Giardino Carlo Emilio Gadda,park,4013247.915927545,1171296.0242083464,150
6154,Park,park,4007200.411440325,1173736.456755193,150
6155,Park,park,4006825.475223835,1170032.7588928763,150
6156,Park,park,4004557.7337635905,1186696.7244497077,150
6157,Park,park,4004642.0440110047,1186590.22108713,150
6158,Giardino Rosa Genoni,park,4012367.344779989,1165091.2719777187,150
6159,Park,park,4003805.10406565,1178047.528111297,150
6160,Centro Parco,park,4009833.222710716,1188529.804309523,150
6161,Park,park,4008647.731781165,1163783.0459315449,150
6162,Parco Via Fermi Via Valeggio,park,4013384.8724047733,1175876.2517238348,150
6163,Park,park,4013737.448173169,1168220.1182253496,150
6164,Park,park,4011507.4135324582,1183509.697203813,150
6165,Park,park,4012266.039964454,1168644.838610465,150
6166,Park,park,4007608.5288021606,1167022.3753939152,150
6167,Park,park,4008563.4701128234,1164044.2646793802,150
6168,Parco via Constant,park,4009766.7969218004,1166626.5081167945,150
6169,Park,park,4007066.690466952,1169027.0469443835,150
6170,Park,park,4007101.7600587904,1169107.3363132582,150
6171,Parco Via Tognazzi,park,4014042.6436488153,1183079.48708328,150
6172,Biolab,museum,4009008.5362738166,1177421.2677030412,50
6173,Park,park,4002948.407310092,1166072.5754988426,150
6174,Park,park,4013404.8734165584,1178081.5142535975,150
6175,Park,park,4013182.361558433,1166868.070960502,150
6176,Giardino Beppe Viola,park,4007425.544171408,1181458.2793070595,150
6177,Park,park,4010108.6067416584,1170299.185209064,150
6178,Giardini della Costituzione,park,4007086.3092857306,1163949.6429295337,150
6179,Giardino Norma Cossetto,park,4005713.9035751997,1179794.0374936399,150
6180,Parchetto via Martinetti,park,4008827.8148689005,1169206.0187851905,150
6181,Park,park,4007095.987671619,1174937.8203066874,150
6182,Giardino Marcello Candia,park,4005259.848061825,1179473.6873921636,150
6183,Giardini pubblici comunali di Via De Castillia,park,4010443.566593724,1177044.1541234371,150
6184,Park,park,4006799.0587518374,1174421.1611558476,150
6185,Giardino Marcello Candia,park,4005366.4750746815,1179390.7965623394,150
6186,Museo Francesco Messina,museum,4007531.7834015866,1175330.1659131532,50
6187,Pinacoteca di Brera,museum,4008873.7374578374,1176320.2305850778,50
6188,Museo del Novecento,museum,4007745.362560611,1176451.2928534267,50
6189,Statua di Leonardo da Vinci,monument,4008193.137428857,1176468.4901395803,40
6190,Bosco dei Faggi - Vittime 8 ottobre 2001,monument,4006909.784928721,1185432.1868653528,40
6191,Forma Gallery,museum,4006050.20320995,1175433.0812713949,50
6192,Colonna del Verziere,monument,4007623.5908182524,1177339.9749273516,40
6193,Museo del Cenacolo Vinciano,museum,4008326.898357817,1173994.806537832,50
6194,Museo Teatrale alla Scala,museum,4008237.472383515,1176382.8924916913,50
6195,Museo Mangini Bonomi,museum,4007805.2881608875,1175814.6204609943,50
6196,Musei del Castello,museum,4008776.4675186262,1175150.6653397444,50
6197,Colonna di Porta Orientale,monument,4008082.669055124,1177477.703442769,40
6198,Museo Diocesano di Milano,museum,4006786.1834308365,1175207.368614426,50
6199,Museo della basilica di Sant'Eustorgio,museum,4006671.8580083014,1175200.9846902555,50
6200,Costantino Imperatore,artwork,4007187.6909754896,1175268.5686209102,20
6201,Crocetta di san Calimero,artwork,4006748.0807310967,1177052.5378858903,20
6202,Fontana di San Francesco,artwork,4009331.89497584,1176830.6412771803,20
6203,Monumento ai Bersaglieri,artwork,4007658.104142158,1177151.7220706085,20
6204,Monumento a Giuseppe Dezza,artwork,4008756.0430698795,1177914.4670141158,20
6205,Museo Astronomico di Brera,museum,4008799.300696957,1176439.5452700686,50
6206,Gallerie d'Italia,museum,4008223.096968243,1176536.6467065688,50
6207,Palazzo Morando,museum,4008322.0260588657,1177282.1389255095,50
6208,Museo Poldi Pezzoli,museum,4008361.0654202364,1176710.7583141928,50
6209,Museo Interattivo del Cinema,museum,4013918.216348665,1178806.6462391627,50
6210,Museo Egizio,museum,4008822.0949870385,1175209.983564811,50
6211,Casa-museo Boschi Di Stefano,museum,4009456.9070703224,1179378.8250791095,50
6212,Civica raccolta delle stampe Achille Bertarelli,museum,4008618.833075777,1175173.5273089474,50
6213,Museo Bagatti Valsecchi,museum,4008465.6522378153,1177168.2089276076,50
6214,Museo degli Strumenti Musicali,museum,4008739.235434874,1175100.7153992208,50
6215,Museo dei Mobili e delle Sculture Lignee,museum,4008811.824152635,1175114.6060395958,50
6216,Pinacoteca Ambrosiana,museum,4007818.78380161,1175918.3842321532,50
6217,Museo d'Arte Antica,museum,4008795.333574182,1175188.7174132823,50
6218,Pinacoteca del Castello Sforzesco,museum,4008855.96823239,1175214.2487608825,50
6219,Sacrestia del Bramante,museum,4008313.243530617,1174121.7918200041,50
6220,Museo Macchina da Scrivere,museum,4011720.251377375,1176446.979346937,50
6221,Monument,monument,4008641.577475301,1171189.178220347,40
6222,Monument,monument,4004351.2834862643,1176672.0754713952,40
6223,Ultima Cena,monument,4010761.726861161,1174945.146203022,40
6224,Cavallo di Leonardo da Vinci,monument,4010671.486780415,1168948.2713985324,40
6225,Monumento a Cesare Correnti,monument,4007317.5111167463,1174814.9283780837,40
6226,Museo Pietà Rondanini,museum,4008670.675859417,1175079.8073061798,50
6227,Monument,monument,4004985.176442631,1166122.6467365634,40
6228,Monumento al Vescovo Ulderico,monument,4007052.5163566656,1176717.0435615573,40
6229,Mudec,museum,4006647.6334536015,1172638.338349194,50
6230,Museo Fermo Immagine,museum,4011402.224357195,1179263.006082992,50
6231,Museo del Risorgimento,museum,4008846.783220569,1176481.2578674387,50
6232,Studio Museo Achille Castiglioni,museum,4008663.351149817,1174868.2880612183,50
6233,Vigna di Leonardo,museum,4008254.723071447,1174010.4708742746,50
6234,Museo San Siro,museum,4010397.079322239,1168013.15551662,50
6235,Leonardo3 Museum - Il Mondo di Leonardo,museum,4008140.380078435,1176424.2804065198,50
6236,Monumento ai caduti,monument,4003074.0902443095,1182597.3152864678,40
6237,Monumento alle vittime del terrorismo e delle stragi,monument,4008111.131917446,1178306.5587684729,40
6238,Monument,monument,4013476.957967746,1168093.5092718515,40
6239,Cripta di San Sepolcro,museum,4007754.577938438,1175840.845876298,50
6240,Busto Cantoni,monument,4008940.343906471,1181353.194393265,40
6241,Signurun de Milan,monument,4003962.493005601,1179600.7031221334,40
6242,Fonderia Napoleonica Eugenia,museum,4011508.8122966825,1176462.8781858848,50
6243,Mura spagnole,monument,4010048.847722825,1175954.4925038165,40
6244,Galleria d'Arte Moderna,museum,4008779.584905417,1177764.1130594227,50
6245,Museo dei bambini,museum,4007122.973606832,1178308.0006354176,50
6246,Galleria d'Arte Sacra dei Contemporanei,museum,4014630.892617287,1176988.2430442625,50
6247,Sfera di San Leo,monument,4004457.536177908,1184230.5526006175,40
6248,Museo Mondo Milan,museum,4011045.0377537343,1171394.6126588385,50
6249,Fontana a Pinocchio,monument,4008030.8700806275,1179485.9102036783,40
6250,Museum,museum,4008840.5248141293,1177808.3841189707,50
6251,Museo del viaggio Fabrizio De André,museum,4002639.740196529,1183650.8004712753,50
6252,Emilio Alessandrini,monument,4005642.406002948,1180656.1815028526,40
